author_id,name,country,description
A001,Bùi Khánh Chi,Việt Nam,"Tác giả demo thuộc kho sách SmartBook, chuyên viết về 2 nhóm chủ đề chính."
A002,Hoàng Nhật Linh,Việt Nam,"Tác giả demo thuộc kho sách SmartBook, chuyên viết về 3 nhóm chủ đề chính."
A003,Hà Diệu Thanh,Việt Nam,"Tác giả demo thuộc kho sách SmartBook, chuyên viết về 4 nhóm chủ đề chính."
A004,Lâm Tuệ Minh,Việt Nam,"Tác giả demo thuộc kho sách SmartBook, chuyên viết về 1 nhóm chủ đề chính."
A005,Lê Hoàng Nam,Việt Nam,"Tác giả demo thuộc kho sách SmartBook, chuyên viết về 2 nhóm chủ đề chính."
A006,Mai Phương Anh,Việt Nam,"Tác giả demo thuộc kho sách SmartBook, chuyên viết về 3 nhóm chủ đề chính."
A007,Nguyễn Minh Khoa,Việt Nam,"Tác giả demo thuộc kho sách SmartBook, chuyên viết về 4 nhóm chủ đề chính."
A008,Ngô Thiên Ân,Việt Nam,"Tác giả demo thuộc kho sách SmartBook, chuyên viết về 1 nhóm chủ đề chính."
A009,Phan Bảo Trâm,Việt Nam,"Tác giả demo thuộc kho sách SmartBook, chuyên viết về 2 nhóm chủ đề chính."
A010,Phạm An Nhiên,Việt Nam,"Tác giả demo thuộc kho sách SmartBook, chuyên viết về 3 nhóm chủ đề chính."
A011,Trần Hạ Vy,Việt Nam,"Tác giả demo thuộc kho sách SmartBook, chuyên viết về 4 nhóm chủ đề chính."
A012,Trịnh Minh Đức,Việt Nam,"Tác giả demo thuộc kho sách SmartBook, chuyên viết về 1 nhóm chủ đề chính."
A013,Võ Thanh Tùng,Việt Nam,"Tác giả demo thuộc kho sách SmartBook, chuyên viết về 2 nhóm chủ đề chính."
A014,Đặng Quốc Huy,Việt Nam,"Tác giả demo thuộc kho sách SmartBook, chuyên viết về 3 nhóm chủ đề chính."
A015,Đỗ Gia Bảo,Việt Nam,"Tác giả demo thuộc kho sách SmartBook, chuyên viết về 4 nhóm chủ đề chính."
