book_id,title,author,genre,tags,level,format,price,rating,pages,publish_year,is_ebook,description,cover_path
B001,Artificial Intelligence: A Modern Approach,"Stuart Russell, Peter Norvig",Trí tuệ nhân tạo,AI;machine learning;agent;search;logic,Nâng cao,both,245000,4.8,1136,2021,1,"Giáo trình kinh điển về trí tuệ nhân tạo, phù hợp để trình bày nền tảng thuật toán, tìm kiếm, suy luận và học máy trong đồ án.",https://covers.openlibrary.org/b/isbn/9780134610993-L.jpg
B002,Recommender Systems: The Textbook,Charu C. Aggarwal,Trí tuệ nhân tạo,recommendation;collaborative filtering;content-based;hybrid;ranking,Nâng cao,ebook,229000,4.7,498,2016,1,"Tài liệu chuyên sâu về hệ gợi ý, bao gồm collaborative filtering, content-based recommendation, đánh giá mô hình và các biến thể hybrid.",https://covers.openlibrary.org/b/isbn/9783319296579-L.jpg
B003,Fluent Python,Luciano Ramalho,Lập trình,python;clean code;data model;async;oop,Trung cấp,both,189000,4.7,1012,2022,1,"Cuốn sách giúp lập trình viên hiểu Python sâu hơn, viết code rõ ràng, tận dụng data model, function, class và async.",https://covers.openlibrary.org/b/isbn/9781492056355-L.jpg
B004,Learning React,"Alex Banks, Eve Porcello",Lập trình,react;frontend;typescript;component;web,Trung cấp,ebook,169000,4.5,350,2020,1,"Tài liệu thực tế để hiểu component, state, hooks và cách xây dựng giao diện web hiện đại bằng React.",https://covers.openlibrary.org/b/isbn/9781492051725-L.jpg
B005,Designing Data-Intensive Applications,Martin Kleppmann,Dữ liệu,database;distributed systems;storage;consistency;scalability,Nâng cao,paper,259000,4.9,616,2017,0,"Một trong những sách nền tảng về hệ thống dữ liệu, giúp giải thích storage, replication, partitioning và consistency.",https://covers.openlibrary.org/b/isbn/9781449373320-L.jpg
B006,Python for Data Analysis,Wes McKinney,Dữ liệu,python;pandas;numpy;data cleaning;analysis,Trung cấp,both,175000,4.6,579,2022,1,"Sách thực hành xử lý dữ liệu bằng pandas và NumPy, phù hợp cho phần phân tích hành vi người dùng và dữ liệu recommendation.",https://covers.openlibrary.org/b/isbn/9781098104030-L.jpg
B007,The Lean Startup,Eric Ries,Kinh doanh,startup;mvp;business;validation;growth,Cơ bản,paper,139000,4.5,336,2011,0,"Cuốn sách kinh điển về xây dựng MVP, kiểm chứng giả thuyết sản phẩm và cải tiến theo dữ liệu người dùng.",https://covers.openlibrary.org/b/isbn/9780307887894-L.jpg
B008,Contagious: Why Things Catch On,Jonah Berger,Marketing,marketing;word of mouth;viral;consumer behavior;content,Cơ bản,ebook,128000,4.4,256,2013,1,"Giải thích vì sao một ý tưởng, sản phẩm hoặc nội dung có thể lan truyền, hữu ích cho module marketplace và community.",https://covers.openlibrary.org/b/isbn/9781451686586-L.jpg
B009,The Design of Everyday Things,Don Norman,Thiết kế,ux;product design;usability;interface;human-centered design,Trung cấp,both,149000,4.6,368,2013,1,"Tài liệu nền tảng về thiết kế trải nghiệm người dùng, affordance, feedback và cách tạo sản phẩm dễ dùng.",https://covers.openlibrary.org/b/isbn/9780465050659-L.jpg
B010,Atomic Habits,James Clear,Kỹ năng,habit;productivity;self improvement;behavior;goal,Cơ bản,both,118000,4.8,320,2018,1,"Cuốn sách nổi tiếng về xây dựng thói quen nhỏ, cải thiện bản thân và duy trì tiến bộ bền vững.",https://covers.openlibrary.org/b/isbn/9780735211292-L.jpg
B011,The Psychology of Money,Morgan Housel,Tài chính,money;personal finance;investing;behavior;wealth,Cơ bản,paper,132000,4.7,256,2020,0,"Một góc nhìn dễ hiểu về tài chính cá nhân, hành vi tiền bạc, tiết kiệm, đầu tư và cách ra quyết định dài hạn.",https://covers.openlibrary.org/b/isbn/9780857197689-L.jpg
B012,"Thinking, Fast and Slow",Daniel Kahneman,Tâm lý học,psychology;behavior;decision making;cognitive bias;thinking,Trung cấp,ebook,158000,4.6,499,2011,1,"Tác phẩm kinh điển về hai hệ thống tư duy, thiên kiến nhận thức và cách con người ra quyết định.",https://covers.openlibrary.org/b/isbn/9780374533557-L.jpg
B013,The Alchemist,Paulo Coelho,Văn học,văn học;tiểu thuyết;triết lý;hành trình;kinh điển,Cơ bản,both,98000,4.6,208,1988,1,"Tiểu thuyết nổi tiếng về hành trình theo đuổi ước mơ, phù hợp với nhóm độc giả thích văn học truyền cảm hứng.",https://covers.openlibrary.org/b/isbn/9780061122415-L.jpg
B014,Mindset: The New Psychology of Success,Carol S. Dweck,Giáo dục,education;growth mindset;learning;motivation;psychology,Cơ bản,ebook,125000,4.5,320,2006,1,"Cuốn sách nổi tiếng về tư duy phát triển, động lực học tập và cách giáo dục ảnh hưởng đến năng lực cá nhân.",https://covers.openlibrary.org/b/isbn/9780345472328-L.jpg
B015,Zero to One,"Peter Thiel, Blake Masters",Khởi nghiệp,startup;innovation;business model;monopoly;technology,Cơ bản,paper,135000,4.5,224,2014,0,"Sách khởi nghiệp nổi tiếng về cách tạo sản phẩm khác biệt, xây dựng lợi thế cạnh tranh và tư duy từ 0 đến 1.",https://covers.openlibrary.org/b/isbn/9780804139298-L.jpg
B016,"Hands-On Machine Learning with Scikit-Learn, Keras, and TensorFlow",Aurélien Géron,Trí tuệ nhân tạo,machine learning;scikit-learn;tensorflow;deep learning;python,Nâng cao,ebook,269000,4.8,856,2022,1,"Sách thực hành machine learning nổi tiếng, phù hợp để liên hệ với phần AI microservice, pipeline và đánh giá mô hình.",https://covers.openlibrary.org/b/isbn/9781098125974-L.jpg
B017,Storytelling with Data,Cole Nussbaumer Knaflic,Dữ liệu,data visualization;dashboard;analytics;presentation;storytelling,Cơ bản,both,145000,4.6,288,2015,1,"Hướng dẫn trình bày dữ liệu trực quan, rõ ý và thuyết phục, rất phù hợp cho dashboard và báo cáo đồ án.",https://covers.openlibrary.org/b/isbn/9781119002253-L.jpg
B018,Database Design for Mere Mortals,Michael J. Hernandez,Dữ liệu,database design;erd;normalization;sql;schema,Trung cấp,paper,169000,4.4,672,2013,0,"Tài liệu dễ tiếp cận về thiết kế cơ sở dữ liệu quan hệ, ERD, chuẩn hóa và mô hình hóa dữ liệu nghiệp vụ.",https://covers.openlibrary.org/b/isbn/9780321884497-L.jpg
B019,Made to Stick,"Chip Heath, Dan Heath",Marketing,marketing;communication;ideas;content;storytelling,Cơ bản,ebook,126000,4.5,336,2007,1,"Cuốn sách về cách làm ý tưởng trở nên dễ nhớ, dễ lan truyền và có sức ảnh hưởng trong truyền thông.",https://covers.openlibrary.org/b/isbn/9781400064281-L.jpg
B020,Clean Code,Robert C. Martin,Lập trình,clean code;software engineering;refactoring;testing;maintainability,Trung cấp,both,185000,4.7,464,2008,1,"Sách kinh điển về cách viết code dễ đọc, dễ bảo trì, đặt tên tốt, tách hàm hợp lý và cải thiện chất lượng phần mềm.",https://covers.openlibrary.org/b/isbn/9780132350884-L.jpg
