post_id,user_id,book_id,title,content,tags,reactions,comments,reports,status,created_at
P0001,U005,B001,Thảo luận về AI nhập môn cho sinh viên,Mình đang đọc AI nhập môn cho sinh viên và thấy phần liên quan đến trí tuệ nhân tạo khá hữu ích cho việc học.,AI;machine learning;python;nhập môn;dữ liệu,18,14,0,published,2026-06-22 00:00:00
P0002,U004,B002,Thảo luận về Xây dựng hệ gợi ý bằng Python,Mình đang đọc Xây dựng hệ gợi ý bằng Python và thấy phần liên quan đến trí tuệ nhân tạo khá hữu ích cho việc học.,recommendation;python;pandas;content-based;hybrid,92,0,0,published,2026-06-23 00:00:00
P0003,U004,B003,Thảo luận về FastAPI thực chiến,Mình đang đọc FastAPI thực chiến và thấy phần liên quan đến lập trình khá hữu ích cho việc học.,fastapi;backend;api;python;database,46,10,0,published,2026-06-24 00:00:00
P0004,U001,B004,Thảo luận về Next.js và thương mại điện tử,Mình đang đọc Next.js và thương mại điện tử và thấy phần liên quan đến lập trình khá hữu ích cho việc học.,nextjs;typescript;web;ecommerce;frontend,34,6,0,published,2026-06-25 00:00:00
P0005,U002,B005,Thảo luận về PostgreSQL cho đồ án,Mình đang đọc PostgreSQL cho đồ án và thấy phần liên quan đến dữ liệu khá hữu ích cho việc học.,postgresql;sql;database;schema;prisma,79,17,0,published,2026-06-26 00:00:00
P0006,U002,B006,Thảo luận về Dashboard dữ liệu với Python,Mình đang đọc Dashboard dữ liệu với Python và thấy phần liên quan đến dữ liệu khá hữu ích cho việc học.,dashboard;streamlit;pandas;plotly;analytics,26,7,1,reported,2026-06-27 00:00:00
P0007,U007,B007,Thảo luận về Marketplace sách từ A đến Z,Mình đang đọc Marketplace sách từ A đến Z và thấy phần liên quan đến kinh doanh khá hữu ích cho việc học.,marketplace;bán hàng;vận hành;listing;khách hàng,28,22,0,published,2026-06-28 00:00:00
P0008,U003,B008,Thảo luận về Tối ưu bài đăng bán sách,Mình đang đọc Tối ưu bài đăng bán sách và thấy phần liên quan đến marketing khá hữu ích cho việc học.,marketing;seo;listing;copywriting;từ khóa,8,2,0,published,2026-06-29 00:00:00
P0009,U005,B009,Thảo luận về UX cho ứng dụng đọc sách,Mình đang đọc UX cho ứng dụng đọc sách và thấy phần liên quan đến thiết kế khá hữu ích cho việc học.,ux;ui;reader;trải nghiệm;wireframe,32,20,0,published,2026-06-30 00:00:00
P0010,U006,B010,Thảo luận về Kỹ năng tự học trong thời đại số,Mình đang đọc Kỹ năng tự học trong thời đại số và thấy phần liên quan đến kỹ năng khá hữu ích cho việc học.,tự học;thói quen;sinh viên;năng suất;mục tiêu,4,7,0,published,2026-07-01 00:00:00
P0011,U003,B011,Thảo luận về Tài chính cá nhân cho người mới,Mình đang đọc Tài chính cá nhân cho người mới và thấy phần liên quan đến tài chính khá hữu ích cho việc học.,tài chính;ngân sách;tiết kiệm;đầu tư;cơ bản,79,8,0,published,2026-07-02 00:00:00
P0012,U004,B012,Thảo luận về Tâm lý học hành vi người đọc,Mình đang đọc Tâm lý học hành vi người đọc và thấy phần liên quan đến tâm lý học khá hữu ích cho việc học.,tâm lý;hành vi;đọc sách;cộng đồng;cảm xúc,62,16,0,published,2026-07-03 00:00:00
P0013,U001,B013,Thảo luận về Một mùa đọc chậm,Mình đang đọc Một mùa đọc chậm và thấy phần liên quan đến văn học khá hữu ích cho việc học.,văn học;truyện ngắn;đọc thư giãn;cảm xúc,50,15,1,reported,2026-07-04 00:00:00
P0014,U003,B014,Thảo luận về Giáo dục số và lớp học AI,Mình đang đọc Giáo dục số và lớp học AI và thấy phần liên quan đến giáo dục khá hữu ích cho việc học.,giáo dục;ai;lớp học;sinh viên;chuyển đổi số,61,18,0,published,2026-07-05 00:00:00
