event_id,user_id,book_id,event_type,event_time,minutes_read,progress_percent,query
E0001,U001,B006,view,2026-07-02 13:30:00,0,0,
E0002,U001,B006,read,2026-06-20 08:30:00,32,48,
E0003,U001,B006,cart_add,2026-06-25 08:30:00,0,0,
E0004,U001,B001,view,2026-06-28 10:30:00,0,0,
E0005,U001,B001,read,2026-06-26 10:30:00,44,74,
E0006,U001,B001,cart_add,2026-06-23 12:30:00,0,0,
E0007,U001,B001,purchase,2026-06-29 16:30:00,0,0,
E0008,U001,B001,bookmark,2026-06-22 11:30:00,0,0,
E0009,U001,B001,highlight,2026-06-28 11:30:00,0,0,
E0010,U001,B020,view,2026-07-02 10:30:00,0,0,
E0011,U001,B020,read,2026-06-26 10:30:00,28,73,
E0012,U001,B020,cart_add,2026-06-22 12:30:00,0,0,
E0013,U001,B020,purchase,2026-06-28 09:30:00,0,0,
E0014,U001,B020,review,2026-07-02 10:30:00,0,0,
E0015,U001,B004,view,2026-06-30 16:30:00,0,0,
E0016,U001,B004,cart_add,2026-06-20 16:30:00,0,0,
E0017,U001,B004,purchase,2026-06-20 16:30:00,0,0,
E0018,U001,B004,bookmark,2026-06-23 13:30:00,0,0,
E0019,U001,B018,view,2026-06-20 15:30:00,0,0,
E0020,U001,B018,cart_add,2026-06-26 15:30:00,0,0,
E0021,U001,B016,view,2026-06-25 12:30:00,0,0,
E0022,U001,B016,read,2026-06-23 18:30:00,8,52,
E0023,U001,B016,cart_add,2026-06-29 08:30:00,0,0,
E0024,U001,B016,highlight,2026-06-25 18:30:00,0,0,
E0025,U001,B016,review,2026-07-01 09:30:00,0,0,
E0026,U001,B011,view,2026-06-26 09:30:00,0,0,
E0027,U001,B011,cart_add,2026-06-28 09:30:00,0,0,
E0028,U001,B011,purchase,2026-07-02 17:30:00,0,0,
E0029,U001,B011,highlight,2026-06-21 14:30:00,0,0,
E0030,U001,B015,view,2026-06-30 15:30:00,0,0,
E0031,U001,B015,cart_add,2026-06-30 15:30:00,0,0,
E0032,U001,B015,purchase,2026-06-24 14:30:00,0,0,
E0033,U001,B015,search,2026-07-02 08:30:00,0,0,tối ưu listing
E0034,U002,B011,view,2026-06-29 12:30:00,0,0,
E0035,U002,B011,cart_add,2026-06-27 16:30:00,0,0,
E0036,U002,B011,purchase,2026-06-25 17:30:00,0,0,
E0037,U002,B011,highlight,2026-06-22 16:30:00,0,0,
E0038,U002,B012,view,2026-06-25 18:30:00,0,0,
E0039,U002,B012,read,2026-06-21 13:30:00,19,50,
E0040,U002,B012,cart_add,2026-06-25 16:30:00,0,0,
E0041,U002,B012,highlight,2026-07-01 17:30:00,0,0,
E0042,U002,B012,review,2026-06-23 11:30:00,0,0,
E0043,U002,B010,view,2026-06-25 18:30:00,0,0,
E0044,U002,B010,read,2026-06-21 08:30:00,47,30,
E0045,U002,B010,cart_add,2026-06-25 17:30:00,0,0,
E0046,U002,B010,purchase,2026-06-20 14:30:00,0,0,
E0047,U002,B010,review,2026-06-21 12:30:00,0,0,
E0048,U002,B001,view,2026-07-02 15:30:00,0,0,
E0049,U002,B001,read,2026-06-25 15:30:00,50,14,
E0050,U002,B001,cart_add,2026-07-01 11:30:00,0,0,
E0051,U002,B001,review,2026-06-28 08:30:00,0,0,
E0052,U002,B018,view,2026-06-21 16:30:00,0,0,
E0053,U002,B011,search,2026-06-21 08:30:00,0,0,tối ưu listing
E0054,U003,B020,view,2026-06-25 09:30:00,0,0,
E0055,U003,B020,read,2026-06-20 14:30:00,54,36,
E0056,U003,B020,cart_add,2026-06-23 10:30:00,0,0,
E0057,U003,B020,purchase,2026-06-27 10:30:00,0,0,
E0058,U003,B020,bookmark,2026-06-25 12:30:00,0,0,
E0059,U003,B020,highlight,2026-06-25 10:30:00,0,0,
E0060,U003,B020,review,2026-07-02 15:30:00,0,0,
E0061,U003,B018,view,2026-06-24 09:30:00,0,0,
E0062,U003,B018,cart_add,2026-06-29 18:30:00,0,0,
E0063,U003,B018,review,2026-06-30 17:30:00,0,0,
E0064,U003,B002,view,2026-06-25 08:30:00,0,0,
E0065,U003,B002,read,2026-06-22 11:30:00,38,79,
E0066,U003,B002,cart_add,2026-06-23 15:30:00,0,0,
E0067,U003,B002,purchase,2026-06-29 16:30:00,0,0,
E0068,U003,B002,bookmark,2026-06-20 12:30:00,0,0,
E0069,U003,B002,highlight,2026-06-22 18:30:00,0,0,
E0070,U003,B003,view,2026-06-28 14:30:00,0,0,
E0071,U003,B003,read,2026-06-28 09:30:00,41,71,
E0072,U003,B003,cart_add,2026-06-24 09:30:00,0,0,
E0073,U003,B003,bookmark,2026-06-28 08:30:00,0,0,
E0074,U003,B017,view,2026-06-20 16:30:00,0,0,
E0075,U003,B017,read,2026-06-30 15:30:00,24,31,
E0076,U003,B017,cart_add,2026-06-24 14:30:00,0,0,
E0077,U003,B017,bookmark,2026-06-22 14:30:00,0,0,
E0078,U003,B017,review,2026-06-29 11:30:00,0,0,
E0079,U003,B004,view,2026-06-23 12:30:00,0,0,
E0080,U003,B004,cart_add,2026-07-02 14:30:00,0,0,
E0081,U003,B013,view,2026-06-20 09:30:00,0,0,
E0082,U003,B013,read,2026-06-22 10:30:00,51,87,
E0083,U003,B013,cart_add,2026-06-27 09:30:00,0,0,
E0084,U003,B013,purchase,2026-06-30 10:30:00,0,0,
E0085,U003,B013,bookmark,2026-06-26 18:30:00,0,0,
E0086,U003,B013,highlight,2026-06-25 15:30:00,0,0,
E0087,U003,B007,view,2026-06-26 11:30:00,0,0,
E0088,U003,B007,cart_add,2026-07-02 17:30:00,0,0,
E0089,U003,B004,search,2026-07-01 08:30:00,0,0,sách học AI
E0090,U004,B015,view,2026-06-29 15:30:00,0,0,
E0091,U004,B015,cart_add,2026-06-20 17:30:00,0,0,
E0092,U004,B015,purchase,2026-06-23 09:30:00,0,0,
E0093,U004,B015,bookmark,2026-06-25 11:30:00,0,0,
E0094,U004,B019,view,2026-06-26 16:30:00,0,0,
E0095,U004,B019,read,2026-06-23 17:30:00,47,41,
E0096,U004,B019,cart_add,2026-06-30 18:30:00,0,0,
E0097,U004,B019,bookmark,2026-06-29 11:30:00,0,0,
E0098,U004,B019,highlight,2026-06-26 13:30:00,0,0,
E0099,U004,B008,view,2026-06-24 12:30:00,0,0,
E0100,U004,B008,read,2026-07-01 16:30:00,40,51,
E0101,U004,B008,cart_add,2026-06-25 11:30:00,0,0,
E0102,U004,B008,purchase,2026-06-26 10:30:00,0,0,
E0103,U004,B008,bookmark,2026-06-30 12:30:00,0,0,
E0104,U004,B007,view,2026-06-22 11:30:00,0,0,
E0105,U004,B007,cart_add,2026-06-30 16:30:00,0,0,
E0106,U004,B007,purchase,2026-06-27 16:30:00,0,0,
E0107,U004,B007,bookmark,2026-06-21 16:30:00,0,0,
E0108,U004,B016,view,2026-06-30 08:30:00,0,0,
E0109,U004,B016,read,2026-06-28 10:30:00,27,30,
E0110,U004,B016,cart_add,2026-06-28 15:30:00,0,0,
E0111,U004,B016,bookmark,2026-06-23 18:30:00,0,0,
E0112,U004,B016,review,2026-07-02 12:30:00,0,0,
E0113,U004,B011,view,2026-06-22 10:30:00,0,0,
E0114,U004,B011,cart_add,2026-06-30 08:30:00,0,0,
E0115,U004,B011,purchase,2026-06-30 09:30:00,0,0,
E0116,U004,B011,review,2026-06-30 09:30:00,0,0,
E0117,U004,B019,search,2026-06-23 08:30:00,0,0,dashboard dữ liệu
E0118,U005,B008,view,2026-06-24 12:30:00,0,0,
E0119,U005,B008,read,2026-06-25 15:30:00,47,78,
E0120,U005,B008,cart_add,2026-06-21 11:30:00,0,0,
E0121,U005,B008,bookmark,2026-06-30 12:30:00,0,0,
E0122,U005,B008,highlight,2026-06-22 09:30:00,0,0,
E0123,U005,B008,review,2026-07-01 13:30:00,0,0,
E0124,U005,B012,view,2026-06-30 18:30:00,0,0,
E0125,U005,B012,read,2026-06-23 09:30:00,20,56,
E0126,U005,B012,cart_add,2026-06-26 08:30:00,0,0,
E0127,U005,B012,review,2026-06-29 10:30:00,0,0,
E0128,U005,B009,view,2026-06-24 09:30:00,0,0,
E0129,U005,B009,read,2026-06-27 15:30:00,39,74,
E0130,U005,B009,cart_add,2026-06-23 12:30:00,0,0,
E0131,U005,B009,bookmark,2026-06-24 14:30:00,0,0,
E0132,U005,B019,view,2026-06-26 17:30:00,0,0,
E0133,U005,B019,read,2026-06-20 18:30:00,43,34,
E0134,U005,B019,cart_add,2026-06-25 08:30:00,0,0,
E0135,U005,B019,purchase,2026-06-23 18:30:00,0,0,
E0136,U005,B019,review,2026-06-21 09:30:00,0,0,
E0137,U005,B005,view,2026-06-26 09:30:00,0,0,
E0138,U005,B005,read,2026-06-23 09:30:00,53,27,
E0139,U005,B005,cart_add,2026-06-21 17:30:00,0,0,
E0140,U005,B005,review,2026-06-22 18:30:00,0,0,
E0141,U005,B014,view,2026-06-20 09:30:00,0,0,
E0142,U005,B014,read,2026-06-30 15:30:00,43,13,
E0143,U005,B014,bookmark,2026-06-23 09:30:00,0,0,
E0144,U005,B008,search,2026-06-20 08:30:00,0,0,sách học AI
E0145,U006,B013,view,2026-06-20 16:30:00,0,0,
E0146,U006,B013,read,2026-06-27 12:30:00,13,30,
E0147,U006,B013,cart_add,2026-06-28 14:30:00,0,0,
E0148,U006,B013,purchase,2026-06-22 12:30:00,0,0,
E0149,U006,B013,bookmark,2026-06-29 12:30:00,0,0,
E0150,U006,B010,view,2026-06-22 13:30:00,0,0,
E0151,U006,B010,read,2026-06-29 12:30:00,15,10,
E0152,U006,B010,cart_add,2026-06-26 13:30:00,0,0,
E0153,U006,B010,purchase,2026-06-25 17:30:00,0,0,
E0154,U006,B010,bookmark,2026-06-29 16:30:00,0,0,
E0155,U006,B012,view,2026-07-02 17:30:00,0,0,
E0156,U006,B012,read,2026-07-01 18:30:00,40,75,
E0157,U006,B012,cart_add,2026-06-26 16:30:00,0,0,
E0158,U006,B012,review,2026-07-02 08:30:00,0,0,
E0159,U006,B015,view,2026-06-27 08:30:00,0,0,
E0160,U006,B015,highlight,2026-06-28 10:30:00,0,0,
E0161,U006,B015,review,2026-06-20 11:30:00,0,0,
E0162,U006,B019,view,2026-06-24 15:30:00,0,0,
E0163,U006,B019,read,2026-06-30 11:30:00,26,33,
E0164,U006,B019,cart_add,2026-06-27 10:30:00,0,0,
E0165,U006,B019,bookmark,2026-06-27 09:30:00,0,0,
E0166,U006,B019,highlight,2026-07-01 11:30:00,0,0,
E0167,U006,B019,search,2026-07-01 08:30:00,0,0,sách học AI
E0168,U007,B018,view,2026-06-26 12:30:00,0,0,
E0169,U007,B018,cart_add,2026-06-28 17:30:00,0,0,
E0170,U007,B018,purchase,2026-06-30 08:30:00,0,0,
E0171,U007,B018,bookmark,2026-06-21 08:30:00,0,0,
E0172,U007,B018,review,2026-06-26 18:30:00,0,0,
E0173,U007,B002,view,2026-06-23 17:30:00,0,0,
E0174,U007,B002,read,2026-06-28 16:30:00,28,22,
E0175,U007,B002,cart_add,2026-06-24 16:30:00,0,0,
E0176,U007,B002,review,2026-07-02 18:30:00,0,0,
E0177,U007,B014,view,2026-06-22 16:30:00,0,0,
E0178,U007,B014,read,2026-06-28 10:30:00,50,14,
E0179,U007,B014,cart_add,2026-06-21 13:30:00,0,0,
E0180,U007,B014,highlight,2026-06-28 14:30:00,0,0,
E0181,U007,B017,view,2026-07-02 10:30:00,0,0,
E0182,U007,B017,read,2026-06-28 08:30:00,51,28,
E0183,U007,B017,cart_add,2026-06-20 13:30:00,0,0,
E0184,U007,B017,purchase,2026-06-25 09:30:00,0,0,
E0185,U007,B017,bookmark,2026-06-26 09:30:00,0,0,
E0186,U007,B016,view,2026-06-27 17:30:00,0,0,
E0187,U007,B016,read,2026-06-28 15:30:00,51,43,
E0188,U007,B016,cart_add,2026-06-22 08:30:00,0,0,
E0189,U007,B016,purchase,2026-06-30 18:30:00,0,0,
E0190,U007,B016,review,2026-06-25 12:30:00,0,0,
E0191,U007,B005,view,2026-06-22 18:30:00,0,0,
E0192,U007,B005,read,2026-06-29 18:30:00,27,78,
E0193,U007,B005,cart_add,2026-06-27 11:30:00,0,0,
E0194,U007,B005,purchase,2026-06-27 08:30:00,0,0,
E0195,U007,B005,review,2026-06-20 12:30:00,0,0,
E0196,U007,B009,view,2026-06-22 12:30:00,0,0,
E0197,U007,B009,read,2026-06-26 18:30:00,26,28,
E0198,U007,B009,cart_add,2026-06-20 17:30:00,0,0,
E0199,U007,B009,bookmark,2026-06-23 18:30:00,0,0,
E0200,U007,B009,highlight,2026-06-23 08:30:00,0,0,
E0201,U007,B013,view,2026-06-28 13:30:00,0,0,
E0202,U007,B013,read,2026-06-25 13:30:00,26,27,
E0203,U007,B013,cart_add,2026-06-25 13:30:00,0,0,
E0204,U007,B013,purchase,2026-07-01 11:30:00,0,0,
E0205,U007,B013,bookmark,2026-06-29 12:30:00,0,0,
E0206,U007,B013,review,2026-06-28 16:30:00,0,0,
E0207,U007,B014,search,2026-06-24 08:30:00,0,0,sách học AI
