listing_id,seller_id,book_id,condition,price,status,views,cart_adds,purchases,title,description,tags,has_cover,target_audience,created_at
L0001,U008,B001,new,211000,pending_review,107,11,5,Artificial Intelligence: A Modern Approach,"Giáo trình kinh điển về trí tuệ nhân tạo, phù hợp để trình bày nền tảng thuật toán, tìm kiếm, suy luận và học máy trong đồ án. Bản demo marketplace có thông tin tình trạng, giá bán và nhóm độc giả phù hợp.",AI;machine learning;agent;search;logic,1,Bạn đọc quan tâm trí tuệ nhân tạo ở mức nâng cao,2026-06-19 00:00:00
L0002,U008,B002,new,197000,approved,124,18,10,Recommender Systems: The Textbook,"Tài liệu chuyên sâu về hệ gợi ý, bao gồm collaborative filtering, content-based recommendation, đánh giá mô hình và các biến thể hybrid. Bản demo marketplace có thông tin tình trạng, giá bán và nhóm độc giả phù hợp.",recommendation;collaborative filtering;content-based;hybrid;ranking,1,Bạn đọc quan tâm trí tuệ nhân tạo ở mức nâng cao,2026-06-20 00:00:00
L0003,U004,B003,new,163000,approved,141,25,15,Fluent Python,"Cuốn sách giúp lập trình viên hiểu Python sâu hơn, viết code rõ ràng, tận dụng data model, function, class và async. Bản demo marketplace có thông tin tình trạng, giá bán và nhóm độc giả phù hợp.",python;clean code;data model;async;oop,1,Bạn đọc quan tâm lập trình ở mức trung cấp,2026-06-21 00:00:00
L0004,U008,B004,used_fair,145000,approved,158,32,20,Learning React,"Tài liệu thực tế để hiểu component, state, hooks và cách xây dựng giao diện web hiện đại bằng React. Bản demo marketplace có thông tin tình trạng, giá bán và nhóm độc giả phù hợp.",react;frontend;typescript;component;web,1,Bạn đọc quan tâm lập trình ở mức trung cấp,2026-06-22 00:00:00
L0005,U008,B005,new,223000,approved,175,39,1,Designing Data-Intensive Applications,"Một trong những sách nền tảng về hệ thống dữ liệu, giúp giải thích storage, replication, partitioning và consistency. Bản demo marketplace có thông tin tình trạng, giá bán và nhóm độc giả phù hợp.",database;distributed systems;storage;consistency;scalability,1,Bạn đọc quan tâm dữ liệu ở mức nâng cao,2026-06-23 00:00:00
L0006,U004,B006,new,150000,approved,192,46,6,Python for Data Analysis,"Sách thực hành xử lý dữ liệu bằng pandas và NumPy, phù hợp cho phần phân tích hành vi người dùng và dữ liệu recommendation. Bản demo marketplace có thông tin tình trạng, giá bán và nhóm độc giả phù hợp.",python;pandas;numpy;data cleaning;analysis,1,Bạn đọc quan tâm dữ liệu ở mức trung cấp,2026-06-24 00:00:00
L0007,U008,B007,new,120000,approved,209,53,11,The Lean Startup,"Cuốn sách kinh điển về xây dựng MVP, kiểm chứng giả thuyết sản phẩm và cải tiến theo dữ liệu người dùng. Bản demo marketplace có thông tin tình trạng, giá bán và nhóm độc giả phù hợp.",startup;mvp;business;validation;growth,1,Bạn đọc quan tâm kinh doanh ở mức cơ bản,2026-06-25 00:00:00
L0008,U008,B008,used_fair,110000,approved,226,60,16,Contagious: Why Things Catch On,"Giải thích vì sao một ý tưởng, sản phẩm hoặc nội dung có thể lan truyền, hữu ích cho module marketplace và community. Bản demo marketplace có thông tin tình trạng, giá bán và nhóm độc giả phù hợp.",marketing;word of mouth;viral;consumer behavior;content,1,Bạn đọc quan tâm marketing ở mức cơ bản,2026-06-26 00:00:00
L0009,U004,B009,new,128000,approved,243,7,21,The Design of Everyday Things,"Tài liệu nền tảng về thiết kế trải nghiệm người dùng, affordance, feedback và cách tạo sản phẩm dễ dùng. Bản demo marketplace có thông tin tình trạng, giá bán và nhóm độc giả phù hợp.",ux;product design;usability;interface;human-centered design,1,Bạn đọc quan tâm thiết kế ở mức trung cấp,2026-06-27 00:00:00
L0010,U008,B010,new,101000,approved,260,14,2,Atomic Habits,"Cuốn sách nổi tiếng về xây dựng thói quen nhỏ, cải thiện bản thân và duy trì tiến bộ bền vững. Bản demo marketplace có thông tin tình trạng, giá bán và nhóm độc giả phù hợp.",habit;productivity;self improvement;behavior;goal,1,Bạn đọc quan tâm kỹ năng ở mức cơ bản,2026-06-18 00:00:00
L0011,U008,B011,new,114000,approved,277,21,7,The Psychology of Money,"Một góc nhìn dễ hiểu về tài chính cá nhân, hành vi tiền bạc, tiết kiệm, đầu tư và cách ra quyết định dài hạn. Bản demo marketplace có thông tin tình trạng, giá bán và nhóm độc giả phù hợp.",money;personal finance;investing;behavior;wealth,1,Bạn đọc quan tâm tài chính ở mức cơ bản,2026-06-19 00:00:00
L0012,U004,B012,used_fair,136000,approved,294,28,12,"Thinking, Fast and Slow","Tác phẩm kinh điển về hai hệ thống tư duy, thiên kiến nhận thức và cách con người ra quyết định. Bản demo marketplace có thông tin tình trạng, giá bán và nhóm độc giả phù hợp.",psychology;behavior;decision making;cognitive bias;thinking,1,Bạn đọc quan tâm tâm lý học ở mức trung cấp,2026-06-20 00:00:00
L0013,U008,B013,new,84000,approved,311,35,17,The Alchemist,"Tiểu thuyết nổi tiếng về hành trình theo đuổi ước mơ, phù hợp với nhóm độc giả thích văn học truyền cảm hứng. Bản demo marketplace có thông tin tình trạng, giá bán và nhóm độc giả phù hợp.",văn học;tiểu thuyết;triết lý;hành trình;kinh điển,1,Bạn đọc quan tâm văn học ở mức cơ bản,2026-06-21 00:00:00
L0014,U008,B014,new,108000,approved,328,42,22,Mindset: The New Psychology of Success,"Cuốn sách nổi tiếng về tư duy phát triển, động lực học tập và cách giáo dục ảnh hưởng đến năng lực cá nhân. Bản demo marketplace có thông tin tình trạng, giá bán và nhóm độc giả phù hợp.",education;growth mindset;learning;motivation;psychology,1,Bạn đọc quan tâm giáo dục ở mức cơ bản,2026-06-22 00:00:00
L0015,U004,B015,new,116000,approved,345,49,3,Zero to One,"Sách khởi nghiệp nổi tiếng về cách tạo sản phẩm khác biệt, xây dựng lợi thế cạnh tranh và tư duy từ 0 đến 1. Bản demo marketplace có thông tin tình trạng, giá bán và nhóm độc giả phù hợp.",startup;innovation;business model;monopoly;technology,1,Bạn đọc quan tâm khởi nghiệp ở mức cơ bản,2026-06-23 00:00:00
L0016,U008,B016,used_fair,231000,approved,362,56,8,"Hands-On Machine Learning with Scikit-Learn, Keras, and TensorFlow","Sách thực hành machine learning nổi tiếng, phù hợp để liên hệ với phần AI microservice, pipeline và đánh giá mô hình. Bản demo marketplace có thông tin tình trạng, giá bán và nhóm độc giả phù hợp.",machine learning;scikit-learn;tensorflow;deep learning;python,1,Bạn đọc quan tâm trí tuệ nhân tạo ở mức nâng cao,2026-06-24 00:00:00
L0017,U008,B017,new,125000,approved,379,63,13,Storytelling with Data,"Hướng dẫn trình bày dữ liệu trực quan, rõ ý và thuyết phục, rất phù hợp cho dashboard và báo cáo đồ án. Bản demo marketplace có thông tin tình trạng, giá bán và nhóm độc giả phù hợp.",data visualization;dashboard;analytics;presentation;storytelling,1,Bạn đọc quan tâm dữ liệu ở mức cơ bản,2026-06-25 00:00:00
L0018,U004,B018,new,145000,approved,396,10,18,Database Design for Mere Mortals,"Tài liệu dễ tiếp cận về thiết kế cơ sở dữ liệu quan hệ, ERD, chuẩn hóa và mô hình hóa dữ liệu nghiệp vụ. Bản demo marketplace có thông tin tình trạng, giá bán và nhóm độc giả phù hợp.",database design;erd;normalization;sql;schema,1,Bạn đọc quan tâm dữ liệu ở mức trung cấp,2026-06-26 00:00:00
L0019,U008,B019,new,108000,approved,413,17,23,Made to Stick,"Cuốn sách về cách làm ý tưởng trở nên dễ nhớ, dễ lan truyền và có sức ảnh hưởng trong truyền thông. Bản demo marketplace có thông tin tình trạng, giá bán và nhóm độc giả phù hợp.",marketing;communication;ideas;content;storytelling,1,Bạn đọc quan tâm marketing ở mức cơ bản,2026-06-27 00:00:00
L0020,U008,B020,used_fair,159000,pending_review,430,24,4,Clean Code,"Sách kinh điển về cách viết code dễ đọc, dễ bảo trì, đặt tên tốt, tách hàm hợp lý và cải thiện chất lượng phần mềm. Bản demo marketplace có thông tin tình trạng, giá bán và nhóm độc giả phù hợp.",clean code;software engineering;refactoring;testing;maintainability,1,Bạn đọc quan tâm lập trình ở mức trung cấp,2026-06-18 00:00:00
