order_id,user_id,book_id,quantity,total_amount,status,created_at
O0001,U001,B001,1,89000,paid_demo,2026-06-29 16:30:00
O0002,U001,B020,1,99000,paid_demo,2026-06-28 09:30:00
O0003,U001,B004,1,179000,paid_demo,2026-06-20 16:30:00
O0004,U001,B011,1,125000,paid_demo,2026-07-02 17:30:00
O0005,U001,B015,1,149000,paid_demo,2026-06-24 14:30:00
O0006,U002,B011,1,125000,paid_demo,2026-06-25 17:30:00
O0007,U002,B010,1,69000,paid_demo,2026-06-20 14:30:00
O0008,U003,B020,1,99000,paid_demo,2026-06-27 10:30:00
O0009,U003,B002,1,129000,paid_demo,2026-06-29 16:30:00
O0010,U003,B013,1,88000,paid_demo,2026-06-30 10:30:00
O0011,U004,B015,1,149000,paid_demo,2026-06-23 09:30:00
O0012,U004,B008,1,79000,paid_demo,2026-06-26 10:30:00
O0013,U004,B007,1,135000,paid_demo,2026-06-27 16:30:00
O0014,U004,B011,1,125000,paid_demo,2026-06-30 09:30:00
O0015,U005,B019,1,98000,paid_demo,2026-06-23 18:30:00
O0016,U006,B013,1,88000,paid_demo,2026-06-22 12:30:00
O0017,U006,B010,1,69000,paid_demo,2026-06-25 17:30:00
O0018,U007,B018,1,139000,paid_demo,2026-06-30 08:30:00
O0019,U007,B017,1,115000,paid_demo,2026-06-25 09:30:00
O0020,U007,B016,1,189000,paid_demo,2026-06-30 18:30:00
O0021,U007,B005,1,99000,paid_demo,2026-06-27 08:30:00
O0022,U007,B013,1,88000,paid_demo,2026-07-01 11:30:00
