user_id,book_id,current_page,progress_percent,total_minutes,last_read_at
U001,B006,125,48,158,2026-06-20 08:30:00
U001,B001,163,74,182,2026-06-26 10:30:00
U001,B020,168,73,208,2026-06-26 10:30:00
U001,B016,218,52,110,2026-06-23 18:30:00
U002,B012,122,50,140,2026-06-21 13:30:00
U002,B010,57,30,123,2026-06-21 08:30:00
U002,B001,31,14,165,2026-06-25 15:30:00
U003,B020,83,36,214,2026-06-20 14:30:00
U003,B002,221,79,132,2026-06-22 11:30:00
U003,B003,220,71,188,2026-06-28 09:30:00
U003,B017,91,31,113,2026-06-30 15:30:00
U003,B013,148,87,190,2026-06-22 10:30:00
U004,B019,84,41,178,2026-06-23 17:30:00
U004,B008,92,51,157,2026-07-01 16:30:00
U004,B016,126,30,72,2026-06-28 10:30:00
U005,B008,140,78,159,2026-06-25 15:30:00
U005,B012,137,56,174,2026-06-23 09:30:00
U005,B009,170,74,196,2026-06-27 15:30:00
U005,B019,70,34,183,2026-06-20 18:30:00
U005,B005,65,27,207,2026-06-23 09:30:00
U005,B014,39,13,174,2026-06-30 15:30:00
U006,B013,51,30,139,2026-06-27 12:30:00
U006,B010,19,10,94,2026-06-29 12:30:00
U006,B012,184,75,120,2026-07-01 18:30:00
U006,B019,68,33,194,2026-06-30 11:30:00
U007,B002,62,22,98,2026-06-28 16:30:00
U007,B014,42,14,140,2026-06-28 10:30:00
U007,B017,83,28,220,2026-06-28 08:30:00
U007,B016,181,43,132,2026-06-28 15:30:00
U007,B005,187,78,48,2026-06-29 18:30:00
U007,B009,64,28,148,2026-06-26 18:30:00
U007,B013,46,27,164,2026-06-25 13:30:00
