# DATA_LABEL=SYNTHETIC_DATA; SOURCE_NOTE=Synthetic academic dataset. No copyrighted book text or real cover images.
# SELECTION=120 sách ưu tiên deterministic: featured, rating_count, rating_avg, id; rating là synthetic
"rank","book_id","title","author","category","is_featured","rating_count_synthetic","current_cover_status","real_cover_status","required_legal_source"
"1","B0124","Hành trình AI trong 30 ngày #0124","Hồ Bảo Vy 2025","Văn học Việt Nam — Nhập môn cho người mới #0784","true","3177","LEGACY_SYNTHETIC","NOT_AVAILABLE","Cần URL/file do NXB, tác giả hoặc nguồn có giấy phép cung cấp"
"2","B0099","Thực hành sáng tạo bằng dự án mẫu #0099","Dương Hoài Trang 1163","Văn học Việt Nam — Hệ thống bằng dự án mẫu #2117","true","3173","LEGACY_SYNTHETIC","NOT_AVAILABLE","Cần URL/file do NXB, tác giả hoặc nguồn có giấy phép cung cấp"
"3","B0508","Hệ thống AI trong 30 ngày #0508","Trần Bảo Linh 1889","An ninh mạng — Nâng cao cho sinh viên #0161","true","3172","LEGACY_SYNTHETIC","NOT_AVAILABLE","Cần URL/file do NXB, tác giả hoặc nguồn có giấy phép cung cấp"
"4","B0059","Kỹ thuật sáng tạo dành cho tự học #0059","Vũ Bảo Duy 0197","Nhiếp ảnh — Nâng cao theo tư duy sản phẩm #0711","true","3171","LEGACY_SYNTHETIC","NOT_AVAILABLE","Cần URL/file do NXB, tác giả hoặc nguồn có giấy phép cung cấp"
"5","B0069","Thực hành UX qua ví dụ #0069","Lê Gia Uyên 1730","Quản trị — Nhập môn cho người đi làm #0674","true","3146","LEGACY_SYNTHETIC","NOT_AVAILABLE","Cần URL/file do NXB, tác giả hoặc nguồn có giấy phép cung cấp"
"6","B0183","Sổ tay sáng tạo cho sinh viên #0183","Đặng Gia Phong 0598","Data Engineering — Hiện đại kèm checklist #0598","true","3144","LEGACY_SYNTHETIC","NOT_AVAILABLE","Cần URL/file do NXB, tác giả hoặc nguồn có giấy phép cung cấp"
"7","B0238","Hệ thống cộng đồng cho người đi làm #0238","Phan Minh Giang 0204","Văn học nước ngoài — Nâng cao qua ví dụ #1731","true","3140","LEGACY_SYNTHETIC","NOT_AVAILABLE","Cần URL/file do NXB, tác giả hoặc nguồn có giấy phép cung cấp"
"8","B0219","Thực hành sáng tạo dành cho tự học #0219","Bùi Hoài Bình 0695","Thiếu nhi — Nhập môn dựa trên dữ liệu #0664","true","3136","LEGACY_SYNTHETIC","NOT_AVAILABLE","Cần URL/file do NXB, tác giả hoặc nguồn có giấy phép cung cấp"
"9","B0040","Chiến lược AI dựa trên dữ liệu #0040","Tạ Hoài Nhi 0111","Triết học — Chuyên sâu cho nhà quản lý #1435","true","3136","LEGACY_SYNTHETIC","NOT_AVAILABLE","Cần URL/file do NXB, tác giả hoặc nguồn có giấy phép cung cấp"
"10","B0079","Hành trình sáng tạo trong môi trường số #0079","Hoàng Minh Sơn 2148","Quản trị — Hiện đại kèm checklist #1878","true","3100","LEGACY_SYNTHETIC","NOT_AVAILABLE","Cần URL/file do NXB, tác giả hoặc nguồn có giấy phép cung cấp"
"11","B0078","Sổ tay cộng đồng cho người đi làm #0078","Đặng Gia Phong 1574","Thiết kế — Hệ thống trong môi trường số #1097","true","3097","LEGACY_SYNTHETIC","NOT_AVAILABLE","Cần URL/file do NXB, tác giả hoặc nguồn có giấy phép cung cấp"
"12","B0056","Bí quyết AI dựa trên dữ liệu #0056","Võ Bảo Quân 0429","Văn học nước ngoài — Cơ bản dựa trên dữ liệu #1000","true","3085","LEGACY_SYNTHETIC","NOT_AVAILABLE","Cần URL/file do NXB, tác giả hoặc nguồn có giấy phép cung cấp"
"13","B0189","Thực hành UX cho nhà quản lý #0189","Bùi Hoài Bình 0839","Quản trị — Nâng cao trong môi trường số #0201","true","3067","LEGACY_SYNTHETIC","NOT_AVAILABLE","Cần URL/file do NXB, tác giả hoặc nguồn có giấy phép cung cấp"
"14","B1397","Bản đồ UX qua ví dụ #1397","Dương Hoài Trang 1371","UX/UI — Nhập môn kèm checklist #0934","true","3061","LEGACY_SYNTHETIC","NOT_AVAILABLE","Cần URL/file do NXB, tác giả hoặc nguồn có giấy phép cung cấp"
"15","B0074","Kỹ thuật cộng đồng kèm checklist #0074","Tạ Hoài Nhi 0447","Khoa học viễn tưởng — Nâng cao cho sinh viên #0401","true","3051","LEGACY_SYNTHETIC","NOT_AVAILABLE","Cần URL/file do NXB, tác giả hoặc nguồn có giấy phép cung cấp"
"16","B0314","Kỹ thuật cộng đồng kèm checklist #0314","Hoàng Minh Sơn 0916","An ninh mạng — Tối giản dành cho tự học #1709","true","3049","LEGACY_SYNTHETIC","NOT_AVAILABLE","Cần URL/file do NXB, tác giả hoặc nguồn có giấy phép cung cấp"
"17","B1618","Hệ thống cộng đồng trong kỷ nguyên AI #1618","Lê Gia Uyên 1138","Lịch sử — Chuyên sâu cho nhà quản lý #0875","true","3037","LEGACY_SYNTHETIC","NOT_AVAILABLE","Cần URL/file do NXB, tác giả hoặc nguồn có giấy phép cung cấp"
"18","B0195","Nghệ thuật sáng tạo bằng dự án mẫu #0195","Lý Gia Châu 1166","Giáo dục — Hệ thống theo tư duy sản phẩm #2167","true","3016","LEGACY_SYNTHETIC","NOT_AVAILABLE","Cần URL/file do NXB, tác giả hoặc nguồn có giấy phép cung cấp"
"19","B0108","Sổ tay AI trong 30 ngày #0108","Trần Bảo Linh 1617","Nhiếp ảnh — Hệ thống theo tư duy sản phẩm #2087","true","3013","LEGACY_SYNTHETIC","NOT_AVAILABLE","Cần URL/file do NXB, tác giả hoặc nguồn có giấy phép cung cấp"
"20","B0396","Nền tảng AI trong 30 ngày #0396","Võ Bảo Quân 2045","Trí tuệ nhân tạo — Tối giản bằng dự án mẫu #0389","true","3013","LEGACY_SYNTHETIC","NOT_AVAILABLE","Cần URL/file do NXB, tác giả hoặc nguồn có giấy phép cung cấp"
"21","B0050","Tư duy cộng đồng trong kỷ nguyên AI #0050","Lý Gia Châu 1118","Lập trình — Chuyên sâu từ nền tảng đến triển khai #0175","true","3011","LEGACY_SYNTHETIC","NOT_AVAILABLE","Cần URL/file do NXB, tác giả hoặc nguồn có giấy phép cung cấp"
"22","B1795","Chiến lược sáng tạo bằng dự án mẫu #1795","Tạ Hoài Nhi 1151","Môi trường — Chuyên sâu bằng dự án mẫu #2005","true","3005","LEGACY_SYNTHETIC","NOT_AVAILABLE","Cần URL/file do NXB, tác giả hoặc nguồn có giấy phép cung cấp"
"23","B0194","Kỹ thuật cộng đồng trong kỷ nguyên AI #0194","Trần Bảo Linh 1985","Toán học — Thực chiến với case study #1932","true","3000","LEGACY_SYNTHETIC","NOT_AVAILABLE","Cần URL/file do NXB, tác giả hoặc nguồn có giấy phép cung cấp"
"24","B0087","Phương pháp sáng tạo cho sinh viên #0087","Hoàng Minh Sơn 2084","Nhiếp ảnh — Thực chiến cho người đi làm #1442","true","3000","LEGACY_SYNTHETIC","NOT_AVAILABLE","Cần URL/file do NXB, tác giả hoặc nguồn có giấy phép cung cấp"
"25","B0118","Hệ thống cộng đồng cho startup #0118","Vũ Bảo Duy 2021","Blockchain — Nhập môn trong 30 ngày #0164","true","3000","LEGACY_SYNTHETIC","NOT_AVAILABLE","Cần URL/file do NXB, tác giả hoặc nguồn có giấy phép cung cấp"
"26","B0180","Nghệ thuật AI với case study #0180","Bùi Hoài Bình 2007","Quản trị — Chuyên sâu từ nền tảng đến triển khai #0975","true","2995","LEGACY_SYNTHETIC","NOT_AVAILABLE","Cần URL/file do NXB, tác giả hoặc nguồn có giấy phép cung cấp"
"27","B0068","Làm chủ AI với case study #0068","Bùi Hoài Bình 1783","Khoa học dữ liệu — Nhập môn với case study #1724","true","2987","LEGACY_SYNTHETIC","NOT_AVAILABLE","Cần URL/file do NXB, tác giả hoặc nguồn có giấy phép cung cấp"
"28","B0520","Chiến lược AI dựa trên dữ liệu #0520","Vũ Bảo Duy 0485","Trí tuệ nhân tạo — Ứng dụng cho nhà quản lý #1163","true","2983","LEGACY_SYNTHETIC","NOT_AVAILABLE","Cần URL/file do NXB, tác giả hoặc nguồn có giấy phép cung cấp"
"29","B1055","Tư duy sáng tạo trong môi trường số #1055","Hoàng Minh Sơn 2196","Triết học — Hiện đại dựa trên dữ liệu #1048","true","2978","LEGACY_SYNTHETIC","NOT_AVAILABLE","Cần URL/file do NXB, tác giả hoặc nguồn có giấy phép cung cấp"
"30","B0086","Bí quyết cộng đồng cho startup #0086","Hoàng Minh Sơn 1524","Data Engineering — Cơ bản cho người mới #1200","true","2976","LEGACY_SYNTHETIC","NOT_AVAILABLE","Cần URL/file do NXB, tác giả hoặc nguồn có giấy phép cung cấp"
"31","B0147","Phương pháp sáng tạo bằng dự án mẫu #0147","Lý Gia Châu 0094","Ngoại ngữ — Chuyên sâu qua ví dụ #0835","true","2974","LEGACY_SYNTHETIC","NOT_AVAILABLE","Cần URL/file do NXB, tác giả hoặc nguồn có giấy phép cung cấp"
"32","B0107","Bản đồ sáng tạo dành cho tự học #0107","Phan Minh Giang 0412","Ngoại ngữ — Ứng dụng theo tư duy sản phẩm #0663","true","2973","LEGACY_SYNTHETIC","NOT_AVAILABLE","Cần URL/file do NXB, tác giả hoặc nguồn có giấy phép cung cấp"
"33","B0193","Hệ thống UX theo tư duy sản phẩm #0193","Lê Gia Uyên 0818","Product Management — Cơ bản kèm checklist #1750","true","2968","LEGACY_SYNTHETIC","NOT_AVAILABLE","Cần URL/file do NXB, tác giả hoặc nguồn có giấy phép cung cấp"
"34","B0659","Kỹ thuật sáng tạo bằng dự án mẫu #0659","Đỗ Minh Nam 0216","Văn học Việt Nam — Cơ bản dựa trên dữ liệu #0440","true","2960","LEGACY_SYNTHETIC","NOT_AVAILABLE","Cần URL/file do NXB, tác giả hoặc nguồn có giấy phép cung cấp"
"35","B0220","Chiến lược AI trong 30 ngày #0220","Bùi Hoài Bình 1287","Ngoại ngữ — Nhập môn dựa trên dữ liệu #0104","true","2958","LEGACY_SYNTHETIC","NOT_AVAILABLE","Cần URL/file do NXB, tác giả hoặc nguồn có giấy phép cung cấp"
"36","B0060","Nghệ thuật AI trong 30 ngày #0060","Nguyễn Minh An 0400","Thiết kế — Chuyên sâu cho nhà quản lý #1355","true","2949","LEGACY_SYNTHETIC","NOT_AVAILABLE","Cần URL/file do NXB, tác giả hoặc nguồn có giấy phép cung cấp"
"37","B0039","Thực hành sáng tạo cho sinh viên #0039","Lê Gia Uyên 1442","Machine Learning — Chuyên sâu theo tư duy sản phẩm #0295","true","2935","LEGACY_SYNTHETIC","NOT_AVAILABLE","Cần URL/file do NXB, tác giả hoặc nguồn có giấy phép cung cấp"
"38","B0174","Thực hành cộng đồng cho người đi làm #0174","Đỗ Minh Nam 1464","Sách điện tử — Hiện đại trong kỷ nguyên AI #1118","true","2935","LEGACY_SYNTHETIC","NOT_AVAILABLE","Cần URL/file do NXB, tác giả hoặc nguồn có giấy phép cung cấp"
"39","B1977","Phương pháp UX từ nền tảng đến triển khai #1977","Vũ Bảo Duy 1861","Lịch sử — Từ số 0 trong 30 ngày #2036","true","2933","LEGACY_SYNTHETIC","NOT_AVAILABLE","Cần URL/file do NXB, tác giả hoặc nguồn có giấy phép cung cấp"
"40","B0058","Hệ thống cộng đồng kèm checklist #0058","Lý Gia Châu 1982","Kỹ năng mềm — Cơ bản với case study #1900","true","2931","LEGACY_SYNTHETIC","NOT_AVAILABLE","Cần URL/file do NXB, tác giả hoặc nguồn có giấy phép cung cấp"
"41","B0849","Thực hành UX theo tư duy sản phẩm #0849","Bùi Hoài Bình 1527","Văn hóa — Chuyên sâu cho sinh viên #0945","true","2909","LEGACY_SYNTHETIC","NOT_AVAILABLE","Cần URL/file do NXB, tác giả hoặc nguồn có giấy phép cung cấp"
"42","B1556","Bí quyết AI với case study #1556","Lý Gia Châu 1486","Blockchain — Cơ bản cho người đi làm #1970","true","2899","LEGACY_SYNTHETIC","NOT_AVAILABLE","Cần URL/file do NXB, tác giả hoặc nguồn có giấy phép cung cấp"
"43","B0138","Sổ tay cộng đồng kèm checklist #0138","Đặng Gia Phong 0518","Game Development — Chuyên sâu dành cho tự học #1885","true","2884","LEGACY_SYNTHETIC","NOT_AVAILABLE","Cần URL/file do NXB, tác giả hoặc nguồn có giấy phép cung cấp"
"44","B0113","Làm chủ UX theo tư duy sản phẩm #0113","Võ Bảo Quân 2029","Data Engineering — Tối giản cho sinh viên #1329","true","2856","LEGACY_SYNTHETIC","NOT_AVAILABLE","Cần URL/file do NXB, tác giả hoặc nguồn có giấy phép cung cấp"
"45","B0196","Cẩm nang AI với case study #0196","Đặng Gia Phong 1174","Tài chính cá nhân — Chuyên sâu cho sinh viên #1985","true","2853","LEGACY_SYNTHETIC","NOT_AVAILABLE","Cần URL/file do NXB, tác giả hoặc nguồn có giấy phép cung cấp"
"46","B1847","Bản đồ sáng tạo cho sinh viên #1847","Đặng Gia Phong 1590","Quản trị — Tối giản bằng dự án mẫu #1749","true","2837","LEGACY_SYNTHETIC","NOT_AVAILABLE","Cần URL/file do NXB, tác giả hoặc nguồn có giấy phép cung cấp"
"47","B0240","Nghệ thuật AI cho người mới #0240","Lý Gia Châu 1438","Sách điện tử — Ứng dụng qua ví dụ #1763","true","2833","LEGACY_SYNTHETIC","NOT_AVAILABLE","Cần URL/file do NXB, tác giả hoặc nguồn có giấy phép cung cấp"
"48","B0181","Cẩm nang UX qua ví dụ #0181","Bùi Hoài Bình 1479","Sức khỏe — Ứng dụng dành cho tự học #0493","true","2829","LEGACY_SYNTHETIC","NOT_AVAILABLE","Cần URL/file do NXB, tác giả hoặc nguồn có giấy phép cung cấp"
"49","B0681","Nền tảng UX từ nền tảng đến triển khai #0681","Nguyễn Minh An 0240","Văn hóa — Nâng cao qua ví dụ #1891","true","2827","LEGACY_SYNTHETIC","NOT_AVAILABLE","Cần URL/file do NXB, tác giả hoặc nguồn có giấy phép cung cấp"
"50","B0152","Bản đồ AI dựa trên dữ liệu #0152","Dương Hoài Trang 2187","Nghệ thuật — Tối giản từ nền tảng đến triển khai #1999","true","2819","LEGACY_SYNTHETIC","NOT_AVAILABLE","Cần URL/file do NXB, tác giả hoặc nguồn có giấy phép cung cấp"
"51","B0484","Hành trình AI với case study #0484","Phạm Hoài Hân 1587","Deep Learning — Hệ thống bằng dự án mẫu #0597","true","2817","LEGACY_SYNTHETIC","NOT_AVAILABLE","Cần URL/file do NXB, tác giả hoặc nguồn có giấy phép cung cấp"
"52","B0037","Giải mã UX qua ví dụ #0037","Phan Minh Giang 0108","Toán học — Thực chiến trong kỷ nguyên AI #1502","true","2798","LEGACY_SYNTHETIC","NOT_AVAILABLE","Cần URL/file do NXB, tác giả hoặc nguồn có giấy phép cung cấp"
"53","B0171","Nền tảng sáng tạo dành cho tự học #0171","Lý Gia Châu 0702","Khoa học viễn tưởng — Thực chiến trong kỷ nguyên AI #0702","true","2794","LEGACY_SYNTHETIC","NOT_AVAILABLE","Cần URL/file do NXB, tác giả hoặc nguồn có giấy phép cung cấp"
"54","B0106","Cẩm nang cộng đồng kèm checklist #0106","Vũ Bảo Duy 2149","Tự truyện — Hiện đại cho startup #0858","true","2788","LEGACY_SYNTHETIC","NOT_AVAILABLE","Cần URL/file do NXB, tác giả hoặc nguồn có giấy phép cung cấp"
"55","B0215","Tư duy sáng tạo cho sinh viên #0215","Đặng Gia Phong 1574","DevOps — Hệ thống qua ví dụ #1667","true","2784","LEGACY_SYNTHETIC","NOT_AVAILABLE","Cần URL/file do NXB, tác giả hoặc nguồn có giấy phép cung cấp"
"56","B0057","Phương pháp UX từ nền tảng đến triển khai #0057","Vũ Bảo Duy 1669","Data Engineering — Cơ bản với case study #2060","true","2780","LEGACY_SYNTHETIC","NOT_AVAILABLE","Cần URL/file do NXB, tác giả hoặc nguồn có giấy phép cung cấp"
"57","B1485","Nghệ thuật UX cho nhà quản lý #1485","Phạm Hoài Hân 1411","Kỹ thuật — Ứng dụng cho nhà quản lý #0843","true","2779","LEGACY_SYNTHETIC","NOT_AVAILABLE","Cần URL/file do NXB, tác giả hoặc nguồn có giấy phép cung cấp"
"58","B0187","Giải mã sáng tạo dành cho tự học #0187","Đỗ Minh Nam 1064","Lịch sử — Thực chiến cho startup #2122","true","2776","LEGACY_SYNTHETIC","NOT_AVAILABLE","Cần URL/file do NXB, tác giả hoặc nguồn có giấy phép cung cấp"
"59","B1666","Cẩm nang cộng đồng trong kỷ nguyên AI #1666","Tạ Hoài Nhi 0063","Triết học — Nâng cao bằng dự án mẫu #0661","true","2772","LEGACY_SYNTHETIC","NOT_AVAILABLE","Cần URL/file do NXB, tác giả hoặc nguồn có giấy phép cung cấp"
"60","B0103","Hệ thống sáng tạo cho sinh viên #0103","Lý Gia Châu 1838","Toán học — Hệ thống theo tư duy sản phẩm #1287","true","2771","LEGACY_SYNTHETIC","NOT_AVAILABLE","Cần URL/file do NXB, tác giả hoặc nguồn có giấy phép cung cấp"
"61","B1804","Hành trình AI trong 30 ngày #1804","Phạm Hoài Hân 0451","Môi trường — Chuyên sâu trong môi trường số #1145","true","2766","LEGACY_SYNTHETIC","NOT_AVAILABLE","Cần URL/file do NXB, tác giả hoặc nguồn có giấy phép cung cấp"
"62","B0136","Cẩm nang AI dựa trên dữ liệu #0136","Phạm Hoài Hân 0243","Du lịch — Nhập môn trong 30 ngày #0884","true","2765","LEGACY_SYNTHETIC","NOT_AVAILABLE","Cần URL/file do NXB, tác giả hoặc nguồn có giấy phép cung cấp"
"63","B0341","Bí quyết UX qua ví dụ #0341","Dương Hoài Trang 1435","Triết học — Thực chiến cho người mới #1392","true","2754","LEGACY_SYNTHETIC","NOT_AVAILABLE","Cần URL/file do NXB, tác giả hoặc nguồn có giấy phép cung cấp"
"64","B0151","Cẩm nang sáng tạo cho sinh viên #0151","Trần Bảo Linh 1649","Văn học Việt Nam — Ứng dụng từ nền tảng đến triển khai #1343","true","2750","LEGACY_SYNTHETIC","NOT_AVAILABLE","Cần URL/file do NXB, tác giả hoặc nguồn có giấy phép cung cấp"
"65","B0165","Nghệ thuật UX qua ví dụ #0165","Mai Gia Khoa 1994","Toán học — Nâng cao từ nền tảng đến triển khai #1631","true","2749","LEGACY_SYNTHETIC","NOT_AVAILABLE","Cần URL/file do NXB, tác giả hoặc nguồn có giấy phép cung cấp"
"66","B0013","Hệ thống UX cho nhà quản lý #0013","Dương Hoài Trang 1563","Luật — Hệ thống dành cho tự học #1917","true","2745","LEGACY_SYNTHETIC","NOT_AVAILABLE","Cần URL/file do NXB, tác giả hoặc nguồn có giấy phép cung cấp"
"67","B0967","Giải mã sáng tạo cho sinh viên #0967","Dương Hoài Trang 1995","Khoa học dữ liệu — Cơ bản trong 30 ngày #1380","true","2741","LEGACY_SYNTHETIC","NOT_AVAILABLE","Cần URL/file do NXB, tác giả hoặc nguồn có giấy phép cung cấp"
"68","B0224","Kỹ thuật AI cho người mới #0224","Nguyễn Minh An 1920","Sức khỏe — Tối giản dành cho tự học #1869","true","2729","LEGACY_SYNTHETIC","NOT_AVAILABLE","Cần URL/file do NXB, tác giả hoặc nguồn có giấy phép cung cấp"
"69","B0156","Nền tảng AI trong 30 ngày #0156","Phan Minh Giang 0732","Du lịch — Tối giản theo tư duy sản phẩm #1959","true","2709","LEGACY_SYNTHETIC","NOT_AVAILABLE","Cần URL/file do NXB, tác giả hoặc nguồn có giấy phép cung cấp"
"70","B0185","Tư duy UX từ nền tảng đến triển khai #0185","Lý Gia Châu 0766","Tài chính cá nhân — Cơ bản cho người đi làm #0050","true","2705","LEGACY_SYNTHETIC","NOT_AVAILABLE","Cần URL/file do NXB, tác giả hoặc nguồn có giấy phép cung cấp"
"71","B1174","Hành trình cộng đồng cho startup #1174","Hồ Bảo Vy 0969","Toán học — Từ số 0 kèm checklist #1846","true","2700","LEGACY_SYNTHETIC","NOT_AVAILABLE","Cần URL/file do NXB, tác giả hoặc nguồn có giấy phép cung cấp"
"72","B0523","Hệ thống sáng tạo dành cho tự học #0523","Hồ Bảo Vy 2025","Kinh doanh — Cơ bản trong 30 ngày #1940","true","2680","LEGACY_SYNTHETIC","NOT_AVAILABLE","Cần URL/file do NXB, tác giả hoặc nguồn có giấy phép cung cấp"
"73","B0021","Nền tảng UX qua ví dụ #0021","Mai Gia Khoa 1914","Lịch sử — Tối giản theo tư duy sản phẩm #0359","true","2671","LEGACY_SYNTHETIC","NOT_AVAILABLE","Cần URL/file do NXB, tác giả hoặc nguồn có giấy phép cung cấp"
"74","B1610","Tư duy cộng đồng kèm checklist #1610","Phạm Hoài Hân 1219","Tài chính cá nhân — Chuyên sâu bằng dự án mẫu #1125","true","2671","LEGACY_SYNTHETIC","NOT_AVAILABLE","Cần URL/file do NXB, tác giả hoặc nguồn có giấy phép cung cấp"
"75","B0218","Làm chủ cộng đồng kèm checklist #0218","Nguyễn Minh An 0880","Kinh doanh — Ứng dụng theo tư duy sản phẩm #0263","true","2670","LEGACY_SYNTHETIC","NOT_AVAILABLE","Cần URL/file do NXB, tác giả hoặc nguồn có giấy phép cung cấp"
"76","B0005","Tư duy UX qua ví dụ #0005","Hồ Bảo Vy 0489","DevOps — Từ số 0 với case study #0076","true","2638","LEGACY_SYNTHETIC","NOT_AVAILABLE","Cần URL/file do NXB, tác giả hoặc nguồn có giấy phép cung cấp"
"77","B0054","Thực hành cộng đồng cho startup #0054","Phan Minh Giang 1500","Khoa học viễn tưởng — Từ số 0 trong 30 ngày #1476","true","2614","LEGACY_SYNTHETIC","NOT_AVAILABLE","Cần URL/file do NXB, tác giả hoặc nguồn có giấy phép cung cấp"
"78","B0210","Nghệ thuật cộng đồng trong kỷ nguyên AI #0210","Vũ Bảo Duy 1461","Trinh thám — Hiện đại trong kỷ nguyên AI #0958","true","2609","LEGACY_SYNTHETIC","NOT_AVAILABLE","Cần URL/file do NXB, tác giả hoặc nguồn có giấy phép cung cấp"
"79","B0023","Làm chủ sáng tạo cho sinh viên #0023","Nguyễn Minh An 0688","Môi trường — Chuyên sâu trong môi trường số #1145","true","2598","LEGACY_SYNTHETIC","NOT_AVAILABLE","Cần URL/file do NXB, tác giả hoặc nguồn có giấy phép cung cấp"
"80","B1966","Cẩm nang cộng đồng cho người đi làm #1966","Hồ Bảo Vy 1033","Khởi nghiệp — Từ số 0 dựa trên dữ liệu #1576","true","2592","LEGACY_SYNTHETIC","NOT_AVAILABLE","Cần URL/file do NXB, tác giả hoặc nguồn có giấy phép cung cấp"
"81","B1420","Chiến lược AI trong 30 ngày #1420","Phạm Hoài Hân 0515","Thiết kế — Cơ bản cho người đi làm #1570","true","2591","LEGACY_SYNTHETIC","NOT_AVAILABLE","Cần URL/file do NXB, tác giả hoặc nguồn có giấy phép cung cấp"
"82","B0157","Giải mã UX cho nhà quản lý #0157","Tạ Hoài Nhi 1631","Blockchain — Từ số 0 trong kỷ nguyên AI #0766","true","2570","LEGACY_SYNTHETIC","NOT_AVAILABLE","Cần URL/file do NXB, tác giả hoặc nguồn có giấy phép cung cấp"
"83","B0170","Tư duy cộng đồng kèm checklist #0170","Trần Bảo Linh 0097","Deep Learning — Cơ bản cho startup #1930","true","2546","LEGACY_SYNTHETIC","NOT_AVAILABLE","Cần URL/file do NXB, tác giả hoặc nguồn có giấy phép cung cấp"
"84","B0291","Nền tảng sáng tạo bằng dự án mẫu #0291","Trần Bảo Linh 1905","Product Management — Chuyên sâu bằng dự án mẫu #0245","true","2537","LEGACY_SYNTHETIC","NOT_AVAILABLE","Cần URL/file do NXB, tác giả hoặc nguồn có giấy phép cung cấp"
"85","B2174","Kỹ thuật cộng đồng cho người đi làm #2174","Đặng Gia Phong 0358","Marketing — Ứng dụng trong môi trường số #0393","true","2528","LEGACY_SYNTHETIC","NOT_AVAILABLE","Cần URL/file do NXB, tác giả hoặc nguồn có giấy phép cung cấp"
"86","B0047","Bản đồ sáng tạo trong môi trường số #0047","Hoàng Minh Sơn 0068","Nhiếp ảnh — Từ số 0 cho người mới #0496","true","2526","LEGACY_SYNTHETIC","NOT_AVAILABLE","Cần URL/file do NXB, tác giả hoặc nguồn có giấy phép cung cấp"
"87","B0025","Chiến lược UX từ nền tảng đến triển khai #0025","Lê Gia Uyên 0290","Blockchain — Thực chiến cho người đi làm #1282","true","2519","LEGACY_SYNTHETIC","NOT_AVAILABLE","Cần URL/file do NXB, tác giả hoặc nguồn có giấy phép cung cấp"
"88","B0004","Hành trình AI với case study #0004","Mai Gia Khoa 0106","Lịch sử — Chuyên sâu theo tư duy sản phẩm #1735","true","2511","LEGACY_SYNTHETIC","NOT_AVAILABLE","Cần URL/file do NXB, tác giả hoặc nguồn có giấy phép cung cấp"
"89","B0249","Thực hành UX từ nền tảng đến triển khai #0249","Dương Hoài Trang 1307","Nghệ thuật — Chuyên sâu cho nhà quản lý #0795","true","2510","LEGACY_SYNTHETIC","NOT_AVAILABLE","Cần URL/file do NXB, tác giả hoặc nguồn có giấy phép cung cấp"
"90","B0062","Bản đồ cộng đồng cho người đi làm #0062","Tạ Hoài Nhi 0799","Cloud Computing — Ứng dụng dành cho tự học #1453","true","2497","LEGACY_SYNTHETIC","NOT_AVAILABLE","Cần URL/file do NXB, tác giả hoặc nguồn có giấy phép cung cấp"
"91","B0120","Nghệ thuật AI dựa trên dữ liệu #0120","Tạ Hoài Nhi 1855","Lịch sử — Nhập môn với case study #1004","true","2496","LEGACY_SYNTHETIC","NOT_AVAILABLE","Cần URL/file do NXB, tác giả hoặc nguồn có giấy phép cung cấp"
"92","B1983","Sổ tay sáng tạo trong môi trường số #1983","Dương Hoài Trang 0795","Deep Learning — Hệ thống qua ví dụ #1027","true","2495","LEGACY_SYNTHETIC","NOT_AVAILABLE","Cần URL/file do NXB, tác giả hoặc nguồn có giấy phép cung cấp"
"93","B0070","Chiến lược cộng đồng cho startup #0070","Đặng Gia Phong 0134","Kỹ năng mềm — Thực chiến với case study #1212","true","2491","LEGACY_SYNTHETIC","NOT_AVAILABLE","Cần URL/file do NXB, tác giả hoặc nguồn có giấy phép cung cấp"
"94","B1833","Sổ tay UX từ nền tảng đến triển khai #1833","Võ Bảo Quân 0941","Product Management — Tối giản cho nhà quản lý #1019","true","2486","LEGACY_SYNTHETIC","NOT_AVAILABLE","Cần URL/file do NXB, tác giả hoặc nguồn có giấy phép cung cấp"
"95","B1445","Tư duy UX qua ví dụ #1445","Trần Bảo Linh 0273","Tâm lý học — Hệ thống theo tư duy sản phẩm #1127","true","2471","LEGACY_SYNTHETIC","NOT_AVAILABLE","Cần URL/file do NXB, tác giả hoặc nguồn có giấy phép cung cấp"
"96","B0143","Làm chủ sáng tạo trong môi trường số #0143","Bùi Hoài Bình 2167","Tâm lý học — Hiện đại dựa trên dữ liệu #0568","true","2468","LEGACY_SYNTHETIC","NOT_AVAILABLE","Cần URL/file do NXB, tác giả hoặc nguồn có giấy phép cung cấp"
"97","B0015","Nghệ thuật sáng tạo trong môi trường số #0015","Phan Minh Giang 2108","Môi trường — Thực chiến cho người đi làm #0242","true","2462","LEGACY_SYNTHETIC","NOT_AVAILABLE","Cần URL/file do NXB, tác giả hoặc nguồn có giấy phép cung cấp"
"98","B0228","Sổ tay AI với case study #0228","Hoàng Minh Sơn 1956","Văn học Việt Nam — Từ số 0 dựa trên dữ liệu #1816","true","2452","LEGACY_SYNTHETIC","NOT_AVAILABLE","Cần URL/file do NXB, tác giả hoặc nguồn có giấy phép cung cấp"
"99","B0137","Bản đồ UX từ nền tảng đến triển khai #0137","Đặng Gia Phong 2070","Lịch sử — Tối giản bằng dự án mẫu #0789","true","2446","LEGACY_SYNTHETIC","NOT_AVAILABLE","Cần URL/file do NXB, tác giả hoặc nguồn có giấy phép cung cấp"
"100","B1985","Tư duy UX theo tư duy sản phẩm #1985","Đỗ Minh Nam 2040","Nghệ thuật — Nhập môn trong kỷ nguyên AI #0494","true","2440","LEGACY_SYNTHETIC","NOT_AVAILABLE","Cần URL/file do NXB, tác giả hoặc nguồn có giấy phép cung cấp"
"101","B0119","Kỹ thuật sáng tạo cho sinh viên #0119","Vũ Bảo Duy 1541","Luật — Ứng dụng cho nhà quản lý #0283","true","2431","LEGACY_SYNTHETIC","NOT_AVAILABLE","Cần URL/file do NXB, tác giả hoặc nguồn có giấy phép cung cấp"
"102","B0051","Nền tảng sáng tạo bằng dự án mẫu #0051","Đặng Gia Phong 1366","Khoa học viễn tưởng — Từ số 0 cho startup #0186","true","2431","LEGACY_SYNTHETIC","NOT_AVAILABLE","Cần URL/file do NXB, tác giả hoặc nguồn có giấy phép cung cấp"
"103","B0204","Thực hành AI trong 30 ngày #0204","Trần Bảo Linh 1265","Văn học Việt Nam — Thực chiến cho người mới #1472","true","2429","LEGACY_SYNTHETIC","NOT_AVAILABLE","Cần URL/file do NXB, tác giả hoặc nguồn có giấy phép cung cấp"
"104","B0095","Tư duy sáng tạo trong môi trường số #0095","Võ Bảo Quân 1085","Ngoại ngữ — Nhập môn cho người đi làm #1394","true","2429","LEGACY_SYNTHETIC","NOT_AVAILABLE","Cần URL/file do NXB, tác giả hoặc nguồn có giấy phép cung cấp"
"105","B0225","Nghệ thuật UX theo tư duy sản phẩm #0225","Hồ Bảo Vy 0969","Trí tuệ nhân tạo — Nhập môn dựa trên dữ liệu #1464","true","2424","LEGACY_SYNTHETIC","NOT_AVAILABLE","Cần URL/file do NXB, tác giả hoặc nguồn có giấy phép cung cấp"
"106","B0618","Sổ tay cộng đồng kèm checklist #0618","Tạ Hoài Nhi 1055","Khoa học viễn tưởng — Tối giản bằng dự án mẫu #0229","true","2423","LEGACY_SYNTHETIC","NOT_AVAILABLE","Cần URL/file do NXB, tác giả hoặc nguồn có giấy phép cung cấp"
"107","B0839","Kỹ thuật sáng tạo cho sinh viên #0839","Vũ Bảo Duy 0309","Tự truyện — Thực chiến cho người mới #1632","true","2401","LEGACY_SYNTHETIC","NOT_AVAILABLE","Cần URL/file do NXB, tác giả hoặc nguồn có giấy phép cung cấp"
"108","B0234","Thực hành cộng đồng kèm checklist #0234","Vũ Bảo Duy 0245","Thiết kế — Thực chiến trong kỷ nguyên AI #1742","true","2382","LEGACY_SYNTHETIC","NOT_AVAILABLE","Cần URL/file do NXB, tác giả hoặc nguồn có giấy phép cung cấp"
"109","B1178","Làm chủ cộng đồng kèm checklist #1178","Nguyễn Minh An 2192","Giáo dục — Nâng cao qua ví dụ #1651","true","2364","LEGACY_SYNTHETIC","NOT_AVAILABLE","Cần URL/file do NXB, tác giả hoặc nguồn có giấy phép cung cấp"
"110","B0085","Chiến lược UX qua ví dụ #0085","Nguyễn Minh An 1696","Kinh doanh — Thực chiến trong 30 ngày #1252","true","2347","LEGACY_SYNTHETIC","NOT_AVAILABLE","Cần URL/file do NXB, tác giả hoặc nguồn có giấy phép cung cấp"
"111","B0081","Nền tảng UX theo tư duy sản phẩm #0081","Phạm Hoài Hân 0643","Môi trường — Hệ thống bằng dự án mẫu #1317","true","2343","LEGACY_SYNTHETIC","NOT_AVAILABLE","Cần URL/file do NXB, tác giả hoặc nguồn có giấy phép cung cấp"
"112","B0539","Kỹ thuật sáng tạo dành cho tự học #0539","Dương Hoài Trang 1339","Kinh doanh — Hiện đại cho startup #1338","true","2336","LEGACY_SYNTHETIC","NOT_AVAILABLE","Cần URL/file do NXB, tác giả hoặc nguồn có giấy phép cung cấp"
"113","B0226","Cẩm nang cộng đồng trong kỷ nguyên AI #0226","Tạ Hoài Nhi 0015","DevOps — Từ số 0 với case study #0076","true","2327","LEGACY_SYNTHETIC","NOT_AVAILABLE","Cần URL/file do NXB, tác giả hoặc nguồn có giấy phép cung cấp"
"114","B0158","Làm chủ cộng đồng cho người đi làm #0158","Võ Bảo Quân 1085","Machine Learning — Ứng dụng qua ví dụ #1843","true","2322","LEGACY_SYNTHETIC","NOT_AVAILABLE","Cần URL/file do NXB, tác giả hoặc nguồn có giấy phép cung cấp"
"115","B0084","Thực hành AI với case study #0084","Đỗ Minh Nam 1672","Machine Learning — Thực chiến trong 30 ngày #1972","true","2309","LEGACY_SYNTHETIC","NOT_AVAILABLE","Cần URL/file do NXB, tác giả hoặc nguồn có giấy phép cung cấp"
"116","B0109","Hành trình UX cho nhà quản lý #0109","Võ Bảo Quân 1165","Nhiếp ảnh — Chuyên sâu từ nền tảng đến triển khai #1055","true","2289","LEGACY_SYNTHETIC","NOT_AVAILABLE","Cần URL/file do NXB, tác giả hoặc nguồn có giấy phép cung cấp"
"117","B0114","Thực hành cộng đồng trong kỷ nguyên AI #0114","Võ Bảo Quân 2045","Văn học Việt Nam — Từ số 0 cho startup #1386","true","2251","LEGACY_SYNTHETIC","NOT_AVAILABLE","Cần URL/file do NXB, tác giả hoặc nguồn có giấy phép cung cấp"
"118","B0150","Nghệ thuật cộng đồng cho startup #0150","Trần Bảo Linh 1489","Văn học nước ngoài — Cơ bản trong 30 ngày #1860","true","2241","LEGACY_SYNTHETIC","NOT_AVAILABLE","Cần URL/file do NXB, tác giả hoặc nguồn có giấy phép cung cấp"
"119","B1552","Giải mã AI cho người mới #1552","Lê Gia Uyên 1650","Deep Learning — Thực chiến dựa trên dữ liệu #1672","true","2240","LEGACY_SYNTHETIC","NOT_AVAILABLE","Cần URL/file do NXB, tác giả hoặc nguồn có giấy phép cung cấp"
"120","B0010","Chiến lược cộng đồng kèm checklist #0010","Trần Bảo Linh 0865","Triết học — Cơ bản trong 30 ngày #1220","true","2240","LEGACY_SYNTHETIC","NOT_AVAILABLE","Cần URL/file do NXB, tác giả hoặc nguồn có giấy phép cung cấp"
